[{"model": "admin_interface.theme", "pk": 1, "fields": {"name": "Django", "active": true, "title": "Django administration", "title_color": "#F5DD5D", "title_visible": true, "logo": "", "logo_color": "#FFFFFF", "logo_max_width": 400, "logo_max_height": 100, "logo_visible": true, "favicon": "", "env_name": "", "env_color": "#E74C3C", "env_visible_in_header": true, "env_visible_in_favicon": true, "language_chooser_active": true, "language_chooser_control": "default-select", "language_chooser_display": "code", "css_header_background_color": "#0C4B33", "css_header_text_color": "#44B78B", "css_header_link_color": "#FFFFFF", "css_header_link_hover_color": "#C9F0DD", "css_module_background_color": "#44B78B", "css_module_background_selected_color": "#FFFFCC", "css_module_text_color": "#FFFFFF", "css_module_link_color": "#FFFFFF", "css_module_link_selected_color": "#FFFFFF", "css_module_link_hover_color": "#C9F0DD", "css_module_rounded_corners": true, "css_generic_link_color": "#0C3C26", "css_generic_link_hover_color": "#156641", "css_generic_link_active_color": "#29B864", "css_save_button_background_color": "#0C4B33", "css_save_button_background_hover_color": "#0C3C26", "css_save_button_text_color": "#FFFFFF", "css_delete_button_background_color": "#BA2121", "css_delete_button_background_hover_color": "#A41515", "css_delete_button_text_color": "#FFFFFF", "related_modal_active": true, "related_modal_background_color": "#000000", "related_modal_background_opacity": "0.3", "related_modal_rounded_corners": true, "related_modal_close_button_visible": true, "list_filter_highlight": true, "list_filter_dropdown": true, "list_filter_sticky": true, "list_filter_removal_links": false, "foldable_apps": true, "show_fieldsets_as_tabs": false, "show_inlines_as_tabs": false, "collapsible_stacked_inlines": false, "collapsible_stacked_inlines_collapsed": true, "collapsible_tabular_inlines": false, "collapsible_tabular_inlines_collapsed": true, "recent_actions_visible": true, "form_submit_sticky": false, "form_pagination_sticky": false}}, {"model": "auth.user", "pk": 1, "fields": {"password": "pbkdf2_sha256$600000$uYWi6ugGJsV62EiVRTAeAO$v0c10O9Vk14AlbnUwbsy1ao9hXGvafhEo7FzIvmzCIY=", "last_login": "2024-03-28T04:56:57.343Z", "is_superuser": true, "username": "Gedexo@admin", "first_name": "", "last_name": "", "email": "", "is_staff": true, "is_active": true, "date_joined": "2024-02-29T13:43:11.134Z", "groups": [], "user_permissions": []}}, {"model": "sessions.session", "pk": "28pgykr6961tzxpiypgbhnjjvcffn4m4", "fields": {"session_data": ".eJxVjDEOwyAQBP9CHSE4A4dSps8b0AFHcBJhydiVlb_HllwkzRY7s7uJQOtSw9p5DmMWV6HF5beLlF7cDpCf1B6TTFNb5jHKQ5En7fI-ZX7fTvfvoFKv-9qRT8VTpuhyQYcIUKwfOBa01sAeCgDZaKWA1GA1pEKUjEdH6BSLzxfkUjds:1rphov:EWxTBTy5uVmkWUzzG4JgyQxE2RAskMY1u6Zsn-6ba7w", "expire_date": "2024-04-11T04:56:57.350Z"}}, {"model": "sessions.session", "pk": "2wv3fzibrlgf7mfziknmdvt1msg8asly", "fields": {"session_data": ".eJxVjEEOwiAQRe_C2hCmAqUu3fcMzTDDSNVAUtqV8e7apAvd_vfef6kJtzVPW0vLNLO6KFCn3y0iPVLZAd-x3KqmWtZljnpX9EGbHiun5_Vw_w4ytvytA0DwSJyitQCdRMIgzolNYq0xjvuzgGcWwt4NYAZDHD2Q951lZqPeH_KeOFM:1rgQct:on_oPorVX9ZvGbP--OLBkn71Df7EulUQpRAwAhLQi7M", "expire_date": "2024-03-16T14:46:11.884Z"}}, {"model": "sessions.session", "pk": "ebapjatkhh7lqr2jnz5t39j7kf110rne", "fields": {"session_data": ".eJxVjDEOwyAQBP9CHSE4A4dSps8b0AFHcBJhydiVlb_HllwkzRY7s7uJQOtSw9p5DmMWV6HF5beLlF7cDpCf1B6TTFNb5jHKQ5En7fI-ZX7fTvfvoFKv-9qRT8VTpuhyQYcIUKwfOBa01sAeCgDZaKWA1GA1pEKUjEdH6BSLzxfkUjds:1rm6Gn:ZfX48tRpVwwlwwBU8bUd37iT0MXEM2XDdYPQiyTLj14", "expire_date": "2024-04-01T06:14:49.811Z"}}, {"model": "sessions.session", "pk": "ej5g4ck683u8v3u7zn3qa20les9njjm3", "fields": {"session_data": ".eJxVjDEOwyAQBP9CHSE4A4dSps8b0AFHcBJhydiVlb_HllwkzRY7s7uJQOtSw9p5DmMWV6HF5beLlF7cDpCf1B6TTFNb5jHKQ5En7fI-ZX7fTvfvoFKv-9qRT8VTpuhyQYcIUKwfOBa01sAeCgDZaKWA1GA1pEKUjEdH6BSLzxfkUjds:1rpRez:Mk9VJzLa-XzpzlUda9LYMFFyDmZFii0dr-2kJIlhtLY", "expire_date": "2024-04-10T11:41:37.559Z"}}, {"model": "sessions.session", "pk": "ewypmq9xpuqnbxf3su45w3o8b37v0zrw", "fields": {"session_data": ".eJxVjEEOwiAQRe_C2hCmAqUu3fcMzTDDSNVAUtqV8e7apAvd_vfef6kJtzVPW0vLNLO6KFCn3y0iPVLZAd-x3KqmWtZljnpX9EGbHiun5_Vw_w4ytvytA0DwSJyitQCdRMIgzolNYq0xjvuzgGcWwt4NYAZDHD2Q951lZqPeH_KeOFM:1rgQSw:QJOwq3pr2VgN3_yKtOyzn16Ypk4yT9-6fMv3WOWOPlU", "expire_date": "2024-03-16T14:35:54.476Z"}}, {"model": "sessions.session", "pk": "gi56c3zv7kgos3wpman1uco60b7fmt4a", "fields": {"session_data": ".eJxVjDEOwyAQBP9CHSE4A4dSps8b0AFHcBJhydiVlb_HllwkzRY7s7uJQOtSw9p5DmMWV6HF5beLlF7cDpCf1B6TTFNb5jHKQ5En7fI-ZX7fTvfvoFKv-9qRT8VTpuhyQYcIUKwfOBa01sAeCgDZaKWA1GA1pEKUjEdH6BSLzxfkUjds:1rjDx3:FidKbH1qgW9O-jjyARM5N0y1_54gxrUJGoyaeZZ6k3s", "expire_date": "2024-03-24T07:50:33.165Z"}}, {"model": "sessions.session", "pk": "i2qpl59j4ermjpn7yiwj4w7jcfcq46i6", "fields": {"session_data": ".eJxVjDEOwyAQBP9CHSE4A4dSps8b0AFHcBJhydiVlb_HllwkzRY7s7uJQOtSw9p5DmMWV6HF5beLlF7cDpCf1B6TTFNb5jHKQ5En7fI-ZX7fTvfvoFKv-9qRT8VTpuhyQYcIUKwfOBa01sAeCgDZaKWA1GA1pEKUjEdH6BSLzxfkUjds:1rmRmD:itS9oWBEwlXvvBjmm8wySodrPZymMEW6XsXTYndprVg", "expire_date": "2024-04-02T05:12:41.341Z"}}, {"model": "sessions.session", "pk": "ozyb9s33f7su4wvaxar1p38ffc6vq18x", "fields": {"session_data": ".eJxVjDEOwyAQBP9CHSE4A4dSps8b0AFHcBJhydiVlb_HllwkzRY7s7uJQOtSw9p5DmMWV6HF5beLlF7cDpCf1B6TTFNb5jHKQ5En7fI-ZX7fTvfvoFKv-9qRT8VTpuhyQYcIUKwfOBa01sAeCgDZaKWA1GA1pEKUjEdH6BSLzxfkUjds:1rpRTw:Np1YOPX28J-O7KuwPgte1sLTMPOIhGl1VQm1HutfTRk", "expire_date": "2024-04-10T11:30:12.646Z"}}, {"model": "sessions.session", "pk": "tz20y9glkzor7ynaos7dzop7aryt7m5h", "fields": {"session_data": ".eJxVjEEOwiAQRe_C2hCmAqUu3fcMzTDDSNVAUtqV8e7apAvd_vfef6kJtzVPW0vLNLO6KFCn3y0iPVLZAd-x3KqmWtZljnpX9EGbHiun5_Vw_w4ytvytA0DwSJyitQCdRMIgzolNYq0xjvuzgGcWwt4NYAZDHD2Q951lZqPeH_KeOFM:1rfghX:6n9_VCi42ZGQbMx-rpwLOxT5JaRLXnVQ7zlFr5A60BU", "expire_date": "2024-03-14T13:43:55.365Z"}}, {"model": "sessions.session", "pk": "vzm4il8b4j6cxm6fwtjeco1q2vp16syp", "fields": {"session_data": ".eJxVjDEOwyAQBP9CHSE4A4dSps8b0AFHcBJhydiVlb_HllwkzRY7s7uJQOtSw9p5DmMWV6HF5beLlF7cDpCf1B6TTFNb5jHKQ5En7fI-ZX7fTvfvoFKv-9qRT8VTpuhyQYcIUKwfOBa01sAeCgDZaKWA1GA1pEKUjEdH6BSLzxfkUjds:1rpRX9:1GaE4xSeoEbDZmXSx-T3jufDOvc3io0Pce-RiK3mnn4", "expire_date": "2024-04-10T11:33:31.034Z"}}, {"model": "sessions.session", "pk": "xh9xacmuzy3791616h6t91nnusk468gn", "fields": {"session_data": ".eJxVjDEOwyAQBP9CHSE4A4dSps8b0AFHcBJhydiVlb_HllwkzRY7s7uJQOtSw9p5DmMWV6HF5beLlF7cDpCf1B6TTFNb5jHKQ5En7fI-ZX7fTvfvoFKv-9qRT8VTpuhyQYcIUKwfOBa01sAeCgDZaKWA1GA1pEKUjEdH6BSLzxfkUjds:1rpMES:1la7HQ8L7GVh4TF4wIW3Rfy3n4ljt36RloR4quouvkw", "expire_date": "2024-04-10T05:53:52.875Z"}}, {"model": "sessions.session", "pk": "zhtt98lp7sh64no4ymvufbibfcwb9v8v", "fields": {"session_data": ".eJxVjDEOwyAQBP9CHSE4A4dSps8b0AFHcBJhydiVlb_HllwkzRY7s7uJQOtSw9p5DmMWV6HF5beLlF7cDpCf1B6TTFNb5jHKQ5En7fI-ZX7fTvfvoFKv-9qRT8VTpuhyQYcIUKwfOBa01sAeCgDZaKWA1GA1pEKUjEdH6BSLzxfkUjds:1rho3h:8FJHT9H_SuenZk-SAbzTZzG7UtVHBENLCf4HwkNqhrg", "expire_date": "2024-03-20T09:59:33.961Z"}}, {"model": "web.product", "pk": 2, "fields": {"title": "FABLOCK ACE", "sub_title": "Introducing Fablock Ace: Durable, Stylish, Simple", "slug": "fablock-ace", "description": "Meet Fablock Ace, the epitome of door security and style. With easy installation and stainless steel screws, it's built to last. Its contemporary design and premium ABS/POM plastic construction ensures durability and aesthetic appeal. Compatible with door thicknesses from 22mm to 32mm, Fablock Ace offers a versatile solution for any home.", "main_image": "products/FABLOCKACE4_SgXCgGA.png", "sub_image": "products/4in1-FABLOCK_ACE_75zQpmb.jpg", "category": "fablock_ace"}}, {"model": "web.product", "pk": 3, "fields": {"title": "FABSCREEN", "sub_title": "Introducing Fabscreen: Your Ultimate Mosquito Solution", "slug": "FABSCREEN", "description": "Meet Fabscreen, the solution to your mosquito problems. Designed to keep pesky insects out while allowing uninterrupted airflow for a breath of fresh air, Fabscreen offers the perfect balance between protection and comfort. Its reinforced corners and durable materials ensure longevity, standing strong against wear and tear. Cleaning is a breeze, making maintenance hassle-free. With Fabscreen, enjoy long-lasting mosquito protection without compromising on airflow or durability.", "main_image": "products/FABSCREEN1_SDSLuHW.png", "sub_image": "products/4in1FABSCREEN_fSAGV8V.jpg", "category": null}}, {"model": "web.product", "pk": 4, "fields": {"title": "SMART FABLOCK", "sub_title": "Upgrade Your Door Style with Smart Fablock Plus!", "slug": "smart-fablock", "description": "Introducing Smart Fablock Plus: easy to install with stainless steel screws, its modern design adapts to any door style and bathroom decor. Crafted from high-quality ABS and POM plastics, it offers durability. Compatible with door thicknesses from 22mm to 32mm, it's a versatile solution for both security and style.", "main_image": "products/SMART_FABLOCK4_cZJDiXs.png", "sub_image": "products/in1_SMART__FABLOCK.4.jpg", "category": "smart_fablock_plus"}}, {"model": "web.product", "pk": 5, "fields": {"title": "ALU CORNER", "sub_title": "Alu Corner: Setting the Standard for Strength and Stability", "slug": "alu-corner", "description": "In the world of aluminum profile connections, there's one solution that stands above the rest: Alu Corner. More than just a typical connector, Alu Corner is a meticulously engineered marvel designed to effortlessly reinforce and align aluminum profiles at a flawless 90-degree angle. With its easy installation, high load-bearing capacity, and promise of enduring results, Alu Corner sets a new standard for strength and stability in any application.", "main_image": "products/ALUCORNER4.png", "sub_image": "products/4in1ALUCORNER.jpg", "category": null}}, {"model": "web.product", "pk": 6, "fields": {"title": "FISH CLEAT", "sub_title": "Master Your Window Design with Fish Cleat", "slug": "fish-cleat", "description": "Experience simplicity and strength with our Fish Cleat for Aluminum Window Doors. Easy to install, boasting durable load-bearing capability, and ensuring permanent results, this fish-shaped frame enhancer combines precision engineering and unbeatable quality to elevate the aesthetic appeal and strength of your window frames.", "main_image": "products/FISH_CLEAT4.png", "sub_image": "products/4in1FISH_CLEAT.jpg", "category": null}}, {"model": "web.productimages", "pk": 5, "fields": {"product": 3, "image": "products/FABSCREEN1_SDSLuHW_Jxk02uo.png"}}, {"model": "web.productimages", "pk": 6, "fields": {"product": 3, "image": "products/FABSCREEN3_zksa6c1.png"}}, {"model": "web.productimages", "pk": 7, "fields": {"product": 3, "image": "products/FABSCREEN4.png"}}, {"model": "web.productimages", "pk": 8, "fields": {"product": 3, "image": "products/FABSCREEN5.png"}}, {"model": "web.productimages", "pk": 9, "fields": {"product": 2, "image": "products/FABLOCKACE2_BgLmYJs.png"}}, {"model": "web.productimages", "pk": 10, "fields": {"product": 2, "image": "products/FABLOCKACE3_Oy2X7OE.png"}}, {"model": "web.productimages", "pk": 11, "fields": {"product": 2, "image": "products/FABLOCKACE5_rmVon7C.png"}}, {"model": "web.productimages", "pk": 12, "fields": {"product": 2, "image": "products/FABLOCKACE1_CeN6RNe.png"}}, {"model": "web.productimages", "pk": 13, "fields": {"product": 4, "image": "products/SMART_FABLOCK2_k8v1xco.png"}}, {"model": "web.productimages", "pk": 14, "fields": {"product": 4, "image": "products/SMART_FABLOCK3_mQk5rrq.png"}}, {"model": "web.productimages", "pk": 15, "fields": {"product": 4, "image": "products/SMART_FABLOCK4_khNNJnA.png"}}, {"model": "web.productimages", "pk": 16, "fields": {"product": 4, "image": "products/SMART_FABLOCK5_xzXQRRa.png"}}, {"model": "web.productimages", "pk": 17, "fields": {"product": 5, "image": "products/ALUCORNER2.png"}}, {"model": "web.productimages", "pk": 18, "fields": {"product": 5, "image": "products/ALUCORNER3.png"}}, {"model": "web.productimages", "pk": 19, "fields": {"product": 5, "image": "products/ALUCORNER4_al7APRL.png"}}, {"model": "web.productimages", "pk": 20, "fields": {"product": 5, "image": "products/ALUCORNER5.png"}}, {"model": "web.productimages", "pk": 21, "fields": {"product": 6, "image": "products/FISH_CLEAT1.png"}}, {"model": "web.productimages", "pk": 22, "fields": {"product": 6, "image": "products/FISH_CLEAT2.png"}}, {"model": "web.productimages", "pk": 23, "fields": {"product": 6, "image": "products/FISH_CLEAT3.png"}}, {"model": "web.productimages", "pk": 24, "fields": {"product": 6, "image": "products/FISH_CLEAT4_CJA0mdf.png"}}, {"model": "web.productfeature", "pk": 1, "fields": {"product": 6, "feature": "Simple To Install"}}, {"model": "web.productfeature", "pk": 2, "fields": {"product": 6, "feature": "Durable Load-bearing Capability"}}, {"model": "web.productfeature", "pk": 3, "fields": {"product": 6, "feature": "Permanent Results Assurance"}}, {"model": "web.productfeature", "pk": 4, "fields": {"product": 6, "feature": "Versatile Compatibility"}}, {"model": "web.productfeature", "pk": 5, "fields": {"product": 5, "feature": "Simple Installation"}}, {"model": "web.productfeature", "pk": 6, "fields": {"product": 5, "feature": "Precision Engineering"}}, {"model": "web.productfeature", "pk": 7, "fields": {"product": 5, "feature": "High-Quality Materials"}}, {"model": "web.productfeature", "pk": 8, "fields": {"product": 5, "feature": "Corrosion Resistance"}}, {"model": "web.productfeature", "pk": 9, "fields": {"product": 4, "feature": "Modern and stylish look"}}, {"model": "web.productfeature", "pk": 10, "fields": {"product": 4, "feature": "Stainless steel screws"}}, {"model": "web.productfeature", "pk": 11, "fields": {"product": 4, "feature": "Easy installation"}}, {"model": "web.productfeature", "pk": 12, "fields": {"product": 4, "feature": "Long Lasting"}}, {"model": "web.productfeature", "pk": 13, "fields": {"product": 3, "feature": "Easy to Clean"}}, {"model": "web.productfeature", "pk": 14, "fields": {"product": 3, "feature": "Long-lasting"}}, {"model": "web.productfeature", "pk": 15, "fields": {"product": 3, "feature": "Insects Barrier"}}, {"model": "web.productfeature", "pk": 16, "fields": {"product": 3, "feature": "Easy Installation"}}, {"model": "web.productfeature", "pk": 17, "fields": {"product": 2, "feature": "Easy installation"}}, {"model": "web.productfeature", "pk": 18, "fields": {"product": 2, "feature": "Highly durable"}}, {"model": "web.productfeature", "pk": 19, "fields": {"product": 2, "feature": "Water Resistance"}}, {"model": "web.productfeature", "pk": 20, "fields": {"product": 2, "feature": "Premium Material"}}, {"model": "web.updates", "pk": 6, "fields": {"image": "updates/product-7_FFTjAZG.png", "detail_image": "updates_/detail/WhatsApp_Image_2024-03-05_at_12.22.06_d5a8425a_QtWPrCU.jpg", "title": "FABSCREEN: The Ultimate Mosquito Solution via LOQZ", "date": "2024-03-02", "description": "<h4>&nbsp;</h4>\r\n<p><span style=\"font-weight: 400;\">In the bustling streets and serene corners of India, finding comfort in your own home is crucial. However, with the chronic presence of mosquitoes, achieving that peace can regularly be enjoyed like an uphill war. Fear now not, for LOQZ, presents the awesome FABSCREEN in India, a progressive solution designed to convert your residing place right right into a sanctuary of tranquility. Let's delve deeper into why FABSCREEN sticks out as your closing mosquito solution.</span></p>\r\n<p>&nbsp;</p>\r\n<p><span style=\"font-weight: 400;\"><strong>Uninterrupted Airflow with Unparalleled Protection</strong></span></p>\r\n<p><span style=\"font-weight: 400;\">In a tropical climate like India's, maintaining proper airflow is essential for consolation. FABSCREEN gives the right balance between safety and airflow, allowing you to experience clean breezes without traumatic about unwanted intruders. Say goodbye to stuffy rooms and hello to a non-prevent go together with the drift of clean air, day and night time time.</span></p>\r\n<p>&nbsp;</p>\r\n<h4><strong>Durable Construction for Long-lasting Performance</strong></h4>\r\n<p><strong><span style=\"font-weight: 400;\">Investing in a mosquito show screen wants to provide you with peace of mind for years yet to come. That's in which FABSCREEN excels. Crafted with bolstered corners and incredible substances, it is constructed to face up to the take-a-look at time. Bid farewell to common replacements and protection, as FABSCREEN offers uncompromising durability and overall performance.</span></strong></p>\r\n<p>&nbsp;</p>\r\n<h4><strong>Hassle-unfastened Maintenance for Added Convenience</strong></h4>\r\n<p><span style=\"font-weight: 400;\">Keeping your dwelling place easy and comfortable has to not be a chore. With FABSCREEN, safety is a breeze. Simply wipe it down with a humid cloth to eliminate any dust or debris, and you are right to transport. Spend much less time cleansing and more time taking elements within the serenity of your mosquito-free home.</span></p>\r\n<p>&nbsp;</p>\r\n<h4><span style=\"font-weight: 400;\"><strong>Versatile Installation Options to Suit Your Needs</strong></span></h4>\r\n<p><span style=\"font-weight: 400;\">Whether you are outfitting domestic windows, doors, or outdoor areas, FABSCREEN offers bendy setup alternatives to satisfy your unique requirements. Customize it to fit seamlessly into your cutting-edge d&eacute;cor, making sure most insurance and protection in competition to mosquitoes and specific pests. With FABSCREEN, adaptability meets effectiveness.</span></p>\r\n<p>&nbsp;</p>\r\n<h4><span style=\"font-weight: 400;\"><strong>Trusted with the useful aid of Thousands Across India</strong></span></h4>\r\n<p><span style=\"font-weight: 400;\">The real degree of a product's satisfaction lies in the satisfaction of its clients. FABSCREEN has earned the be given as genuine with of hundreds during India, who depend on its unrivaled standard overall performance and reliability. Join the ranks of satisfied customers who've made FABSCREEN their desired choice for mosquito protection.</span></p>\r\n<p>&nbsp;</p>\r\n<h4>&nbsp;</h4>\r\n<h4><strong>Experience Comfort and Protection with FABSCREEN</strong></h4>\r\n<p><span style=\"font-weight: 400;\">In a rustic wherein mosquitoes are a ubiquitous presence, having the super FABSCREEN is essential. With LOQZ's FABSCREEN, you are not in truth investing in a mosquito display &ndash; you are making funding in comfort, convenience, and peace of mind. Transform your home right into a haven of relaxation with FABSCREEN through the way of LOQZ. Say goodbye to sleepless nights and what's up to uninterrupted serenity. Make the transfer to FABSCREEN in recent times and reclaim your sanctuary.</span></p>\r\n<p><span style=\"font-weight: 400;\">Unlock the final mosquito answer with FABSCREEN via LOQZ. Experience consolation in no way earlier than.</span></p>\r\n<p>&nbsp;</p>\r\n<p>&nbsp;</p>\r\n<p>&nbsp;</p>\r\n<h4>&nbsp;</h4>", "slug": "FABSCREEN", "meta_title": null, "meta_description": null, "meta_image": ""}}, {"model": "web.updates", "pk": 7, "fields": {"image": "updates/product-8_s0Siwr9.png", "detail_image": "updates_/detail/WhatsApp_Image_2024-03-05_at_12.22.06_d5a8425a_0bsFdHp.jpg", "title": "Smart Fablock Solutions: Elevate Your Home Securit", "date": "2024-03-04", "description": "<p>&nbsp;</p>\r\n<p><span style=\"font-weight: 400;\">Are you searching for the excellent SMART FABLOCK answer to heighten the safety of your own home? Look no further than LOQZ! We're committed to imparting contemporary-day technology and top-notch, offering a variety of SMART FABLOCK alternatives that seamlessly blend style, sturdiness, and advanced features to make your own home's protection.</span></p>\r\n<p><span style=\"font-weight: 400;\">Here's why LOQZ's SMART FABLOCK solutions excel because of the most efficient preference for shielding your private home</span></p>\r\n<p>&nbsp;</p>\r\n<h4><strong>State-of-the-Art Technology</strong></h4>\r\n<p><strong><span style=\"font-weight: 400;\">At LOQZ, innovation takes a middle degree, and our SMART FABLOCKs exemplify this commitment. Featuring an extremely modern era, our SMART FABLOCKs boast superior protection functionalities like far-flung access to manipulate, keyless access, and actual-time tracking. With smart connectivity, coping with and tracking your home protection becomes convenient, whether or not or now not you are at home or the skip.</span></strong></p>\r\n<p>&nbsp;</p>\r\n<p>&nbsp;</p>\r\n<h4><strong>Enhanced Durability</strong></h4>\r\n<p><strong><span style=\"font-weight: 400;\">Durability is paramount almost about home safety, and LOQZ's SMART FABLOCKs are engineered to bear. Constructed from pinnacle-price materials and engineered for robustness and resilience, our SMART FABLOCKs are constructed to face up to even the cruelest conditions, making sure of lengthy-lasting reliability and protection for your property and loved ones.</span></strong></p>\r\n<p>&nbsp;</p>\r\n<h4><strong>Seamless Integration</strong></h4>\r\n<p><strong><span style=\"font-weight: 400;\">Our SMART FABLOCKs are designed for seamless integration into your present home protection infrastructure. Whether you're upgrading from a traditional lock or putting in a new SMART FABLOCK, our crew of specialists will manual you through the procedure, making sure compatibility and capability with your present-day setup. With honest installation and setup processes, you can enjoy the blessings of smart safety without any trouble.</span></strong></p>\r\n<p>&nbsp;</p>\r\n<h4><strong>Stylish Design Options</strong></h4>\r\n<p><span style=\"font-weight: 400;\">Who says safety can not be elegant? At LOQZ, we apprehend the significance of aesthetics, it is why our SMART FABLOCKs are available in an array of stylish designs to supplement any domestic decor. Whether you pick out sleek contemporary-day finishes or undying conventional styles, we provide SMART FABLOCK alternatives to fit your discerning flavor and options.</span></p>\r\n<p>&nbsp;</p>\r\n<h4><strong>Exceptional Value</strong></h4>\r\n<p><span style=\"font-weight: 400;\">Investing in domestic protection shouldn't strain your budget, which is why LOQZ gives SMART FABLOCK answers that supply amazing rates. With competitive pricing and fee-powerful alternatives, you could enhance your home safety without compromising on remarkable or overall performance. Plus, with our enduring durability and superior abilities, you can enjoy peace of mind knowing your funding will yield lengthy-term benefits.</span></p>\r\n<p><span style=\"font-weight: 400;\">In giving up, about deciding on the excellent SMART FABLOCK for your home, LOQZ stands head and shoulders above the relaxation. With our state-of-the-art generation, durability, seamless integration, stylish design options, and brilliant charge, you may believe LOQZ to furnish the final solution for your home security wishes. Upgrade to a LOQZ SMART FABLOCK these days and experience unparalleled peace of mind!</span></p>\r\n<p>&nbsp;</p>\r\n<p>&nbsp;</p>", "slug": "smart", "meta_title": null, "meta_description": null, "meta_image": ""}}, {"model": "web.updates", "pk": 8, "fields": {"image": "updates/product-9_oxzVrzA.png", "detail_image": "updates_/detail/WhatsApp_Image_2024-03-05_at_12.22.06_d5a8425a.jpg", "title": "Title: ALU Corner: Elevate Your Aluminum Profile C", "date": "2024-03-04", "description": "<h4>&nbsp;</h4>\r\n<p><span style=\"font-weight: 400;\">ALU Corner stands as a testimony to the innovation and precision engineering in aluminum profile connections. As you embark on enhancing the strength and stability of your duties, delve into the arena of ALU Corner through LOQZ, in which superior awesome meets unrivaled latest performance.</span></p>\r\n<p>&nbsp;</p>\r\n<h4><strong>Unrivalled Strength and Stability</strong></h4>\r\n<p><strong><span style=\"font-weight: 400;\">ALU Corner is engineered to provide great strength and stability in aluminum profile connections. Designed to assist and align profiles at a remarkable ninety-diploma thoughts-set, ALU Corner ensures structural integrity in numerous packages, from architectural frameworks to industrial agency installations. Its strong manufacturing withstands heavy masses, making it an appropriate desire for duties requiring fantastic durability.</span></strong></p>\r\n<p>&nbsp;</p>\r\n<h4><strong>Precision Engineering for Flawless Integration</strong></h4>\r\n<p><span style=\"font-weight: 400;\">Experience seamless integration with ALU Corner, meticulously engineered to wholesome aluminum profiles with precision. The innovative layout of ALU Corner guarantees comfortable health, getting rid of gaps and inconsistencies in connections. Its chamfered edges make certain smooth transitions among profiles, enhancing each capability and aesthetics. With its clean installation manner, ALU Corner streamlines your duties at the same time as preserving amazing first-class requirements.</span></p>\r\n<h4>&nbsp;</h4>\r\n<h4><strong>Versatile Applications for Diverse Needs</strong></h4>\r\n<p><span style=\"font-weight: 400;\">Whether you are building modular furnishings or assembling commercial enterprise systems, ALU Corner gives flexible packages to fulfill several goals. Its adaptability allows for customization in format and functionality, making it an essential element in architectural, manufacturing, and advent initiatives inside the path of various industries. From easy interior designs to rugged out-of-door installations, ALU Corner gives reliable ordinary performance in any environment.</span></p>\r\n<p>&nbsp;</p>\r\n<h4><span style=\"font-weight: 400;\"><strong>Durability That Stands the Test of Time</strong></span></h4>\r\n<p><span style=\"font-weight: 400;\">ALU Corner is made from extraordinary substances, ensuring sturdiness and durability in every software. Resistant to corrosion and placed on, ALU Corner continues its integrity even in harsh environmental situations. Its anodized forestall provides extra protection in the direction of rust and oxidation, prolonging the lifespan of your aluminum profile connections. With ALU Corner, you can keep in mind that your tasks will stay structurally sound for future years.</span></p>\r\n<p>&nbsp;</p>\r\n<p>&nbsp;</p>\r\n<h4><strong>Unmatched Performance Backed through LOQZ Assurance</strong></h4>\r\n<p>&nbsp;</p>\r\n<p><span style=\"font-weight: 400;\">When it involves the great ALU Corner in India, LOQZ gadgets the identical vintage for excellence. With a dedication to handing over advanced traditional usual overall performance and reliability, LOQZ ensures that every ALU Corner meets stringent best manipulation measures. Backed through years of organization experience and knowledge, LOQZ ensures unrivaled normal universal performance that exceeds expectancies. Trust LOQZ for all your aluminum profile connection desires and enjoy the distinction that ALU Corner needs to make on your responsibilities. </span></p>\r\n<p><span style=\"font-weight: 400;\">Elevate your aluminum profile connections to new heights with ALU Corner from LOQZ. Experience the unmatched power, balance, and durability that ALU Corner brings to your duties. Discover why ALU Corner is the amazing preference for reinforcing structural integrity and making sure the best connections are in numerous packages within the course of India.</span></p>", "slug": "the-loqz-", "meta_title": null, "meta_description": null, "meta_image": ""}}, {"model": "web.updates", "pk": 9, "fields": {"image": "updates/product-10_Xjkqxa3.png", "detail_image": "updates_/detail/WhatsApp_Image_2024-03-05_at_12.22.06_2c6ac2c6.jpg", "title": "FISH CLEAT: Precision-Engineered Frame Enhancer fo", "date": "2024-03-04", "description": "<h4 style=\"text-align: left;\">&nbsp;</h4>\r\n<p style=\"text-align: left;\"><strong><span style=\"font-weight: 400;\">Introducing Fish Cleat, a design surprise that transcends the every day on your aluminium window doors.</span></strong></p>\r\n<p style=\"text-align: left;\"><strong><span style=\"font-weight: 400;\"> Beyond an insignificant connector, this fish-formed body enhancer revolutionizes your frames with precision engineering and unbeatable high quality. Dive right into a modern-day era of format wherein the Fish Cleat no longer most effectively brings exceptional power to your window frames but also elevates their aesthetic attraction.</span></strong></p>\r\n<p style=\"text-align: left;\">&nbsp;</p>\r\n<h4 style=\"text-align: left;\"><strong>Precision Engineering:</strong></h4>\r\n<p style=\"text-align: left;\"><strong><span style=\"font-weight: 400;\">Fish Cleat using LOQZ is meticulously crafted with precision engineering. Every issue of its layout is optimized to make certain seamless integration with aluminum window doors, providing a comfortable form and improving structural integrity.</span></strong></p>\r\n<p style=\"text-align: left;\">&nbsp;</p>\r\n<h4 style=\"text-align: left;\"><strong>Unbeatable Quality:</strong></h4>\r\n<p style=\"text-align: left;\"><span style=\"font-weight: 400;\">Our Fish Cleat is synthetic in the usage of top-class substances, making certain durability and prolonged-lasting overall performance. Say goodbye to flimsy connectors that compromise the stableness of your window frames. With LOQZ's Fish Cleat, you couldn't forget its unequaled best.</span></p>\r\n<p style=\"text-align: left;\">&nbsp;</p>\r\n<h4 style=\"text-align: left;\"><span style=\"font-weight: 400;\"><strong>Enhanced Strength:</strong></span></h4>\r\n<p style=\"text-align: left;\"><span style=\"font-weight: 400;\">Reinforce your aluminum window doors with the exceptional energy of Fish Cleat. Its cutting-edge design distributes strain frivolously, minimizing the danger of body distortion or harm. Experience peace of thoughts knowing that your home windows are fortified against out-of-door forces</span></p>\r\n<p style=\"text-align: left;\">&nbsp;</p>\r\n<h4 style=\"text-align: left;\"><span style=\"font-weight: 400;\"><strong>Aesthetic Appeal:</strong></span></h4>\r\n<p style=\"text-align: left;\"><span style=\"font-weight: 400;\">Beyond its useful advantages, Fish Cleat affords a hint of beauty to your window frames. The glossy, fish-common design provides a totally specific aptitude, enhancing the overall aesthetics of your residing vicinity. Transform ordinary windows into standout functions with LOQZ's Fish Cleat.</span></p>\r\n<p style=\"text-align: left;\">&nbsp;</p>\r\n<h4 style=\"text-align: left;\"><strong>Versatile Compatibility:</strong></h4>\r\n<p style=\"text-align: left;\"><span style=\"font-weight: 400;\">Whether you are upgrading gift window frames or putting in new ones, Fish Cleat offers bendy compatibility. It adapts seamlessly to numerous aluminum door profiles, ensuring a wonderful fit each time. Experience hassle-loose set-up and experience the benefits of better body stability</span></p>\r\n<p style=\"text-align: left;\">&nbsp;</p>\r\n<h4 style=\"text-align: left;\"><span style=\"font-weight: 400;\"><strong>Reliable Performance:</strong></span></h4>\r\n<p style=\"text-align: left;\"><span style=\"font-weight: 400;\">Trust in Fish Cleat to deliver dependable ordinary overall performance in any environment. Whether you are going through harsh climate conditions or not unusual use, our frame enhancer stands the check of time. Rest confident knowing that your private home windows are equipped with the nicest Fish Cleat in India.</span></p>\r\n<p style=\"text-align: left;\">&nbsp;</p>\r\n<h4 style=\"text-align: left;\"><span style=\"font-weight: 400;\"><strong>Customer Satisfaction:</strong></span></h4>\r\n<p style=\"text-align: left;\"><span style=\"font-weight: 400;\">At LOQZ, client satisfaction is our top precedence. We take pride in supplying modern solutions that exceed expectations. Join countless glad customers who've professional distinction with Fish Cleat.</span></p>\r\n<p style=\"text-align: left;\">&nbsp;</p>\r\n<h4 style=\"text-align: left;\"><span style=\"font-weight: 400;\"><strong>Wide Availability:</strong></span></h4>\r\n<p style=\"text-align: left;\"><span style=\"font-weight: 400;\">LOQZ guarantees that Fish Cleat is readily available at some stage in India. Our massive distribution network and partnerships with main hardware shops and providers make it handy for clients to access our products. Experience the ease of buying the pleasant Fish Cleat in India without difficulty.</span></p>\r\n<p style=\"text-align: left;\">&nbsp;</p>\r\n<h4 style=\"text-align: left;\"><strong>Environmental Responsibility:</strong></h4>\r\n<p style=\"text-align: left;\"><span style=\"font-weight: 400;\">We at LOQZ are dedicated to sustainability. Fish Cleat is synthetic with environmentally quality substances and techniques, minimizing our carbon footprint. Choose Fish Cleat for a product that no longer handily enhances your house but additionally cares for the planet.</span></p>\r\n<p style=\"text-align: left;\">&nbsp;</p>\r\n<h4 style=\"text-align: left;\"><strong>Innovative Solutions:</strong></h4>\r\n<p style=\"text-align: left;\"><span style=\"font-weight: 400;\">As a pacesetter in layout and era, LOQZ continues to push the boundaries of innovation. Stay ahead of the curve with our contemporary advancements in window body enhancement. Explore our variety of products and find out how LOQZ can rework your residing area.</span></p>\r\n<p style=\"text-align: left;\"><span style=\"font-weight: 400;\">Upgrade your aluminum window doorways with the best Fish Cleat in India through LOQZ. Experience the precise combo of precision engineering, unbeatable terrific, and greater power. Transform your private home windows into announcement quantities that elevate the aesthetics and capability of your dwelling space. With Fish Cleat, redefine the capacity of your window frames and experience lasting sturdiness and style.</span></p>\r\n<p style=\"text-align: left;\">&nbsp;</p>", "slug": "Best-fish-cleat-india-enhance-aluminium-window-doo", "meta_title": null, "meta_description": null, "meta_image": ""}}, {"model": "web.team", "pk": 11, "fields": {"name": "Dileep", "image": "team/Frame_58_yXT9MmY_bVedN3k.png", "position": "CEO"}}, {"model": "web.contact", "pk": 1, "fields": {"name": "Deelip", "email": "gedexo@gmail.com", "subject": "gggggg", "number": 77777, "message": "wwwwwwwwwwwww"}}, {"model": "web.contact", "pk": 2, "fields": {"name": "Deelip", "email": "gedexo@gmail.com", "subject": "gggggg", "number": 77777, "message": "wawwwhytrrt"}}, {"model": "web.contact", "pk": 3, "fields": {"name": "Dante Delacruz", "email": "ficywype@mailinator.com", "subject": "Quia officia enim reiciendis explicabo Qui voluptatem ad recusandae Exercitation error numquam ex", "number": 374, "message": "Quis dolor illo ab e"}}, {"model": "web.contact", "pk": 4, "fields": {"name": "Ira Chan", "email": "dinem@mailinator.com", "subject": "Ex dolor officia nisi ex aliqua Expedita aspernatur", "number": 109, "message": "Dolor sit cumque bl"}}, {"model": "web.testimonial", "pk": 7, "fields": {"name": "Anjali Kapoor", "image": "Testimonial/Frame_1_4_WjdFjrv.png", "description": "\"We've been working with Loqz for years, and their products consistently impress our customers. Dependable quality every time.\"", "position": "clite"}}, {"model": "web.testimonial", "pk": 8, "fields": {"name": "Rahul Sharma", "image": "Testimonial/Frame_1_4_wSGTZ18.png", "description": "\"Loqz's Fabscreen is a top-seller for us. Its quality and versatility make it an easy recommendation to our clients.\"", "position": "CEO"}}, {"model": "web.testimonial", "pk": 9, "fields": {"name": "Ramesh Nair", "image": "Testimonial/Frame_1_4_TAYHxLO.png", "description": "\"Loqz's products fly off our shelves. Dealers, if you're not stocking them yet, you're missing out!\"", "position": "Coustmer"}}, {"model": "web.testimonial", "pk": 10, "fields": {"name": "Priya Pate", "image": "Testimonial/Frame_1_4_Pfshu0t.png", "description": "Fablock has been a game-changer for our showroom. Easy to display, easy to sell. Our customers love it!\"", "position": "customer"}}, {"model": "web.testimonial", "pk": 11, "fields": {"name": "Ramesh Nair", "image": "Testimonial/Frame_1_4_mhcGrDs.png", "description": "\"Loqz's products fly off our shelves. Dealers, if you're not stocking them yet, you're missing out!", "position": "Hr"}}, {"model": "web.testimonial", "pk": 12, "fields": {"name": "Sreelakshmi Menon", "image": "Testimonial/Frame_1_4.png", "description": "\"The demand for Loqz's products is through the roof. Dealership profit margins have never been better.\"", "position": "CEO"}}, {"model": "web.dealership", "pk": 1, "fields": {"firm_name": "Lucy Livingston", "full_name": "Lillian Delgado", "email": "tikytyjora@mailinator.com", "mobile": 100, "whatsapp_number": null, "address": "Laboris perferendis dolor et vel non aut aut debitis", "pincode": 49, "state": "Reprehenderit accusantium voluptatibus voluptatem pariatur Officia ea magni consequatur Cupiditate", "city": "Nostrud sed atque tempore recusandae Et in ut consequuntur nisi qui ea eum doloribus quos doloribus in ducimus quis est", "business": "In amet nulla vel id", "year_of_experience": "1979", "brand_handled": "Ipsum nulla nisi accusamus qui blanditiis laboris minim aut molestiae molestiae eum", "annual_turnover": "Sit voluptatibus natus praesentium omnis similique eos eius optio sit fuga Eos voluptatum labore repudiandae veniam dolore perspiciatis", "interest": "1", "why_loqz": "Voluptatem Quidem a"}}, {"model": "web.dealership", "pk": 2, "fields": {"firm_name": "Lucy Livingston", "full_name": "Lillian Delgado", "email": "tikytyjora@mailinator.com", "mobile": 100, "whatsapp_number": null, "address": "Laboris perferendis dolor et vel non aut aut debitis", "pincode": 49, "state": "Reprehenderit accusantium voluptatibus voluptatem pariatur Officia ea magni consequatur Cupiditate", "city": "Nostrud sed atque tempore recusandae Et in ut consequuntur nisi qui ea eum doloribus quos doloribus in ducimus quis est", "business": "In amet nulla vel id", "year_of_experience": "1979", "brand_handled": "Ipsum nulla nisi accusamus qui blanditiis laboris minim aut molestiae molestiae eum", "annual_turnover": "Sit voluptatibus natus praesentium omnis similique eos eius optio sit fuga Eos voluptatum labore repudiandae veniam dolore perspiciatis", "interest": "1", "why_loqz": "Voluptatem Quidem a"}}]