[
  {
    "model": "admin_interface.theme",
    "pk": 1,
    "fields": {
      "name": "Django",
      "active": true,
      "title": "Django administration",
      "title_color": "#F5DD5D",
      "title_visible": true,
      "logo": "",
      "logo_color": "#FFFFFF",
      "logo_max_width": 400,
      "logo_max_height": 100,
      "logo_visible": true,
      "favicon": "",
      "env_name": "",
      "env_color": "#E74C3C",
      "env_visible_in_header": true,
      "env_visible_in_favicon": true,
      "language_chooser_active": true,
      "language_chooser_control": "default-select",
      "language_chooser_display": "code",
      "css_header_background_color": "#0C4B33",
      "css_header_text_color": "#44B78B",
      "css_header_link_color": "#FFFFFF",
      "css_header_link_hover_color": "#C9F0DD",
      "css_module_background_color": "#44B78B",
      "css_module_background_selected_color": "#FFFFCC",
      "css_module_text_color": "#FFFFFF",
      "css_module_link_color": "#FFFFFF",
      "css_module_link_selected_color": "#FFFFFF",
      "css_module_link_hover_color": "#C9F0DD",
      "css_module_rounded_corners": true,
      "css_generic_link_color": "#0C3C26",
      "css_generic_link_hover_color": "#156641",
      "css_generic_link_active_color": "#29B864",
      "css_save_button_background_color": "#0C4B33",
      "css_save_button_background_hover_color": "#0C3C26",
      "css_save_button_text_color": "#FFFFFF",
      "css_delete_button_background_color": "#BA2121",
      "css_delete_button_background_hover_color": "#A41515",
      "css_delete_button_text_color": "#FFFFFF",
      "related_modal_active": true,
      "related_modal_background_color": "#000000",
      "related_modal_background_opacity": "0.3",
      "related_modal_rounded_corners": true,
      "related_modal_close_button_visible": true,
      "list_filter_highlight": true,
      "list_filter_dropdown": true,
      "list_filter_sticky": true,
      "list_filter_removal_links": false,
      "foldable_apps": true,
      "show_fieldsets_as_tabs": false,
      "show_inlines_as_tabs": false,
      "collapsible_stacked_inlines": false,
      "collapsible_stacked_inlines_collapsed": true,
      "collapsible_tabular_inlines": false,
      "collapsible_tabular_inlines_collapsed": true,
      "recent_actions_visible": true,
      "form_submit_sticky": false,
      "form_pagination_sticky": false
    }
  },
  {
    "model": "auth.user",
    "pk": 1,
    "fields": {
      "password": "pbkdf2_sha256$720000$BdoLa97zIgPttqwhodCs8i$EfmWGWVT0YrQZTrH63UbPymvJ8nVSzDpKoCO6tROC2Q=",
      "last_login": "2024-03-02T14:46:11.809Z",
      "is_superuser": true,
      "username": "Gedexo@admin",
      "first_name": "",
      "last_name": "",
      "email": "",
      "is_staff": true,
      "is_active": true,
      "date_joined": "2024-02-29T13:43:11.134Z",
      "groups": [],
      "user_permissions": []
    }
  },
  {
    "model": "sessions.session",
    "pk": "2wv3fzibrlgf7mfziknmdvt1msg8asly",
    "fields": {
      "session_data": ".eJxVjEEOwiAQRe_C2hCmAqUu3fcMzTDDSNVAUtqV8e7apAvd_vfef6kJtzVPW0vLNLO6KFCn3y0iPVLZAd-x3KqmWtZljnpX9EGbHiun5_Vw_w4ytvytA0DwSJyitQCdRMIgzolNYq0xjvuzgGcWwt4NYAZDHD2Q951lZqPeH_KeOFM:1rgQct:on_oPorVX9ZvGbP--OLBkn71Df7EulUQpRAwAhLQi7M",
      "expire_date": "2024-03-16T14:46:11.884Z"
    }
  },
  {
    "model": "sessions.session",
    "pk": "ewypmq9xpuqnbxf3su45w3o8b37v0zrw",
    "fields": {
      "session_data": ".eJxVjEEOwiAQRe_C2hCmAqUu3fcMzTDDSNVAUtqV8e7apAvd_vfef6kJtzVPW0vLNLO6KFCn3y0iPVLZAd-x3KqmWtZljnpX9EGbHiun5_Vw_w4ytvytA0DwSJyitQCdRMIgzolNYq0xjvuzgGcWwt4NYAZDHD2Q951lZqPeH_KeOFM:1rgQSw:QJOwq3pr2VgN3_yKtOyzn16Ypk4yT9-6fMv3WOWOPlU",
      "expire_date": "2024-03-16T14:35:54.476Z"
    }
  },
  {
    "model": "sessions.session",
    "pk": "tz20y9glkzor7ynaos7dzop7aryt7m5h",
    "fields": {
      "session_data": ".eJxVjEEOwiAQRe_C2hCmAqUu3fcMzTDDSNVAUtqV8e7apAvd_vfef6kJtzVPW0vLNLO6KFCn3y0iPVLZAd-x3KqmWtZljnpX9EGbHiun5_Vw_w4ytvytA0DwSJyitQCdRMIgzolNYq0xjvuzgGcWwt4NYAZDHD2Q951lZqPeH_KeOFM:1rfghX:6n9_VCi42ZGQbMx-rpwLOxT5JaRLXnVQ7zlFr5A60BU",
      "expire_date": "2024-03-14T13:43:55.365Z"
    }
  },
  {
    "model": "web.product",
    "pk": 2,
    "fields": {
      "title": "FABLOCK ACE",
      "sub_title": "Elevate Your Bathroom Security with Style",
      "slug": "fablock-ace",
      "description": "Introducing Fablock Ace, your perfect solution for enhancing both security and style in your bathroom. This meticulously crafted bathroom door lock is designed with a perfect blend of functionality and aesthetics. Fablock Ace not only provides a reliable locking mechanism for your bathroom but also adds a touch of elegance to your door. Its sleek design and durable construction make it an ideal choice for modern bathrooms. Upgrade your privacy and security with Fablock Ace, where form meets function seamlessly.",
      "main_image": "products/FABLOCKACE4_SgXCgGA.png",
      "sub_image": "products/4in1-FABLOCK_ACE_75zQpmb.jpg",
      "category": "fablock_ace"
    }
  },
  {
    "model": "web.product",
    "pk": 3,
    "fields": {
      "title": "FABSCREEN",
      "sub_title": "Roll-Up Window Screen with Inbuilt Cleaning System",
      "slug": "FABSCREEN",
      "description": "Discover FabScreen, your stylish solution to insect-free windows. These Roll-Up Insect Screens not only keep flies at bay but also add a touch of elegance to your space. Crafted with top-quality materials, FabScreens are easy to install and operate. The screen mesh rolls up into a sleek cassette across the top and rolls down effortlessly when needed. Vertical side tracks ensure smooth motion. What sets FabScreen apart is its inbuilt cleaning system, featuring concurrent brushes that automatically refresh the net after each use. Upgrade your windows with FabScreen�where functionality meets innovation.",
      "main_image": "products/FABSCREEN1_SDSLuHW.png",
      "sub_image": "products/4in1FABSCREEN_fSAGV8V.jpg",
      "category": null
    }
  },
  {
    "model": "web.product",
    "pk": 4,
    "fields": {
      "title": "SMART FABLOCK",
      "sub_title": "Innovative Bathroom Security Solution for PVC Doors",
      "slug": "smart-fablock",
      "description": "Introducing Smart Fablock, a revolutionary device designed for latching and locking bathroom doors. Tailored for PVC bathroom doors, Smart Fablock serves as a superior alternative to conventional Aldrops, Tower bolts, and Handles crafted from low-quality plastics. Upgrade your bathroom security with this innovative solution that not only enhances safety but also brings a touch of modern sophistication to your door. Say goodbye to ordinary and embrace the smart choice for your bathroom door hardware with Smart Fablock.",
      "main_image": "products/SMART_FABLOCK4_cZJDiXs.png",
      "sub_image": "products/in1_SMART__FABLOCK.4.jpg",
      "category": "smart_fablock_plus"
    }
  },
  {
    "model": "web.product",
    "pk": 5,
    "fields": {
      "title": "ALU CORNER",
      "sub_title": "Precision-designed Aluminum Corner Connector",
      "slug": "alu-corner",
      "description": "Elevate your aluminum profile connections with the Alu Corner � more than just a connector, it's a meticulously crafted solution. This corner connector effortlessly reinforces and aligns aluminum profiles at a flawless 90-degree angle, delivering unparalleled strength and stability for a variety of applications. Experience precision engineering at its best with Alu Corner, where durability meets design excellence in every connection. Upgrade your projects with the assurance of precise alignment and robust strength provided by this innovative corner connector.",
      "main_image": "products/ALUCORNER4.png",
      "sub_image": "products/4in1ALUCORNER.jpg",
      "category": null
    }
  },
  {
    "model": "web.product",
    "pk": 6,
    "fields": {
      "title": "FISH CLEAT",
      "sub_title": "Precision-Engineered Frame Enhancer for Aluminium Window Doors",
      "slug": "fish-cleat",
      "description": "Introducing Fish Cleat, a design marvel that transcends the ordinary for your aluminum window doors. Beyond a mere connector, this fish-shaped frame enhancer revolutionizes your frames with precision engineering and unbeatable quality. Dive into a new era of design where the Fish Cleat not only brings unparalleled strength to your aluminum window doors but also adds a unique and aesthetic appeal. Upgrade your space with a touch of innovation  where form meets function seamlessly.",
      "main_image": "products/FISH_CLEAT4.png",
      "sub_image": "products/4in1FISH_CLEAT.jpg",
      "category": null
    }
  },
  {
    "model": "web.productimages",
    "pk": 5,
    "fields": {
      "product": 3,
      "image": "products/FABSCREEN1_SDSLuHW_Jxk02uo.png"
    }
  },
  {
    "model": "web.productimages",
    "pk": 6,
    "fields": { "product": 3, "image": "products/FABSCREEN3_zksa6c1.png" }
  },
  {
    "model": "web.productimages",
    "pk": 7,
    "fields": { "product": 3, "image": "products/FABSCREEN4.png" }
  },
  {
    "model": "web.productimages",
    "pk": 8,
    "fields": { "product": 3, "image": "products/FABSCREEN5.png" }
  },
  {
    "model": "web.productimages",
    "pk": 9,
    "fields": { "product": 2, "image": "products/FABLOCKACE2_BgLmYJs.png" }
  },
  {
    "model": "web.productimages",
    "pk": 10,
    "fields": { "product": 2, "image": "products/FABLOCKACE3_Oy2X7OE.png" }
  },
  {
    "model": "web.productimages",
    "pk": 11,
    "fields": { "product": 2, "image": "products/FABLOCKACE5_rmVon7C.png" }
  },
  {
    "model": "web.productimages",
    "pk": 12,
    "fields": { "product": 2, "image": "products/FABLOCKACE1_CeN6RNe.png" }
  },
  {
    "model": "web.productimages",
    "pk": 13,
    "fields": { "product": 4, "image": "products/SMART_FABLOCK2_k8v1xco.png" }
  },
  {
    "model": "web.productimages",
    "pk": 14,
    "fields": { "product": 4, "image": "products/SMART_FABLOCK3_mQk5rrq.png" }
  },
  {
    "model": "web.productimages",
    "pk": 15,
    "fields": { "product": 4, "image": "products/SMART_FABLOCK4_khNNJnA.png" }
  },
  {
    "model": "web.productimages",
    "pk": 16,
    "fields": { "product": 4, "image": "products/SMART_FABLOCK5_xzXQRRa.png" }
  },
  {
    "model": "web.productimages",
    "pk": 17,
    "fields": { "product": 5, "image": "products/ALUCORNER2.png" }
  },
  {
    "model": "web.productimages",
    "pk": 18,
    "fields": { "product": 5, "image": "products/ALUCORNER3.png" }
  },
  {
    "model": "web.productimages",
    "pk": 19,
    "fields": { "product": 5, "image": "products/ALUCORNER4_al7APRL.png" }
  },
  {
    "model": "web.productimages",
    "pk": 20,
    "fields": { "product": 5, "image": "products/ALUCORNER5.png" }
  },
  {
    "model": "web.productimages",
    "pk": 21,
    "fields": { "product": 6, "image": "products/FISH_CLEAT1.png" }
  },
  {
    "model": "web.productimages",
    "pk": 22,
    "fields": { "product": 6, "image": "products/FISH_CLEAT2.png" }
  },
  {
    "model": "web.productimages",
    "pk": 23,
    "fields": { "product": 6, "image": "products/FISH_CLEAT3.png" }
  },
  {
    "model": "web.productimages",
    "pk": 24,
    "fields": { "product": 6, "image": "products/FISH_CLEAT4_CJA0mdf.png" }
  },
  {
    "model": "web.updates",
    "pk": 6,
    "fields": {
      "image": "updates/product-7_FFTjAZG.png",
      "detail_image": "updates_/detail/WhatsApp_Image_2024-03-05_at_12.22.06_d5a8425a_QtWPrCU.jpg",
      "title": "The LOQZ Journey to Innovative Bathroom Security",
      "date": "2024-03-02",
      "description": "Embark on an exciting journey with LOQZ as we proudly introduce our latest updates, promising to redefine the standards of comfort and innovation. Our commitment to pushing boundaries is reflected in cutting-edge products designed to enhance your everyday life. Beyond mere updates, we are unveiling a vision of sustainability, where each product reflects our dedication to a greener future. Discover not just functional products, but lifestyle-enhancing solutions meticulously crafted to meet your evolving needs. Our latest innovations showcase a fusion of modernity and timeless comfort, ensuring that every corner of your home reflects your unique style. But it's not just about products; it's a commitment to sustainability. We're proud to share initiatives that echo our responsibility towards the planet. At LOQZ, we believe in leaving a positive imprint for generations to come. Join us in this unveiling, where every update is a testament to our dedication to quality, style, and creating a more comfortable and sustainable world. As we take this leap forward, LOQZ remains your trusted partner in the pursuit of an elevated and mindful lifestyle. Explore the new horizons of comfort with LOQZ.",
      "slug": "the-loqz-uuu"
    }
  },
  {
    "model": "web.updates",
    "pk": 7,
    "fields": {
      "image": "updates/product-8_s0Siwr9.png",
      "detail_image": "updates_/detail/WhatsApp_Image_2024-03-05_at_12.22.06_d5a8425a_0bsFdHp.jpg",
      "title": "The LOQZ Journey to Innovative Bathroom Security",
      "date": "2024-03-04",
      "description": "Embark on an exciting journey with LOQZ as we proudly introduce our latest updates, promising to redefine the standards of comfort and innovation. Our commitment to pushing boundaries is reflected in cutting-edge products designed to enhance your everyday life. Beyond mere updates, we are unveiling a vision of sustainability, where each product reflects our dedication to a greener future. Discover not just functional products, but lifestyle-enhancing solutions meticulously crafted to meet your evolving needs. Our latest innovations showcase a fusion of modernity and timeless comfort, ensuring that every corner of your home reflects your unique style. But it's not just about products; it's a commitment to sustainability. We're proud to share initiatives that echo our responsibility towards the planet. At LOQZ, we believe in leaving a positive imprint for generations to come. Join us in this unveiling, where every update is a testament to our dedication to quality, style, and creating a more comfortable and sustainable world. As we take this leap forward, LOQZ remains your trusted partner in the pursuit of an elevated and mindful lifestyle. Explore the new horizons of comfort with LOQZ.",
      "slug": "fabloke-caase-rr"
    }
  },
  {
    "model": "web.updates",
    "pk": 8,
    "fields": {
      "image": "updates/product-9_oxzVrzA.png",
      "detail_image": "updates_/detail/WhatsApp_Image_2024-03-05_at_12.22.06_d5a8425a.jpg",
      "title": "The LOQZ Journey to Innovative Bathroom Security",
      "date": "2024-03-04",
      "description": "Embark on an exciting journey with LOQZ as we proudly introduce our latest updates, promising to redefine the standards of comfort and innovation. Our commitment to pushing boundaries is reflected in cutting-edge products designed to enhance your everyday life. Beyond mere updates, we are unveiling a vision of sustainability, where each product reflects our dedication to a greener future. Discover not just functional products, but lifestyle-enhancing solutions meticulously crafted to meet your evolving needs. Our latest innovations showcase a fusion of modernity and timeless comfort, ensuring that every corner of your home reflects your unique style. But it's not just about products; it's a commitment to sustainability. We're proud to share initiatives that echo our responsibility towards the planet. At LOQZ, we believe in leaving a positive imprint for generations to come. Join us in this unveiling, where every update is a testament to our dedication to quality, style, and creating a more comfortable and sustainable world. As we take this leap forward, LOQZ remains your trusted partner in the pursuit of an elevated and mindful lifestyle. Explore the new horizons of comfort with LOQZ.",
      "slug": "the-loqz-"
    }
  },
  {
    "model": "web.updates",
    "pk": 9,
    "fields": {
      "image": "updates/product-10_Xjkqxa3.png",
      "detail_image": "updates_/detail/WhatsApp_Image_2024-03-05_at_12.22.06_2c6ac2c6.jpg",
      "title": "The LOQZ Journey to Innovative Bathroom Security",
      "date": "2024-03-04",
      "description": "Embark on an exciting journey with LOQZ as we proudly introduce our latest updates, promising to redefine the standards of comfort and innovation. Our commitment to pushing boundaries is reflected in cutting-edge products designed to enhance your everyday life. Beyond mere updates, we are unveiling a vision of sustainability, where each product reflects our dedication to a greener future. Discover not just functional products, but lifestyle-enhancing solutions meticulously crafted to meet your evolving needs. Our latest innovations showcase a fusion of modernity and timeless comfort, ensuring that every corner of your home reflects your unique style. But it's not just about products; it's a commitment to sustainability. We're proud to share initiatives that echo our responsibility towards the planet. At LOQZ, we believe in leaving a positive imprint for generations to come. Join us in this unveiling, where every update is a testament to our dedication to quality, style, and creating a more comfortable and sustainable world. As we take this leap forward, LOQZ remains your trusted partner in the pursuit of an elevated and mindful lifestyle. Explore the new horizons of comfort with LOQZ.",
      "slug": "the-loqz-journey-to-innovative-bathroom-security"
    }
  },
  {
    "model": "web.team",
    "pk": 8,
    "fields": {
      "name": "Dileep",
      "image": "team/Frame_58_yXT9MmY.png",
      "position": "CEO"
    }
  },
  {
    "model": "web.team",
    "pk": 9,
    "fields": {
      "name": "Dileep",
      "image": "team/Frame_58_wa981rn.png",
      "position": "CEO"
    }
  },
  {
    "model": "web.team",
    "pk": 10,
    "fields": {
      "name": "Dileep",
      "image": "team/Frame_58_s7io7pO.png",
      "position": "CEO"
    }
  },
  {
    "model": "web.team",
    "pk": 11,
    "fields": {
      "name": "Dileep",
      "image": "team/Frame_58_3AarZOQ.png",
      "position": "CEO"
    }
  },
  {
    "model": "web.contact",
    "pk": 1,
    "fields": {
      "name": "Deelip",
      "email": "gedexo@gmail.com",
      "subject": "gggggg",
      "number": 77777,
      "message": "wwwwwwwwwwwww"
    }
  },
  {
    "model": "web.contact",
    "pk": 2,
    "fields": {
      "name": "Deelip",
      "email": "gedexo@gmail.com",
      "subject": "gggggg",
      "number": 77777,
      "message": "wawwwhytrrt"
    }
  },
  {
    "model": "web.contact",
    "pk": 3,
    "fields": {
      "name": "Dante Delacruz",
      "email": "ficywype@mailinator.com",
      "subject": "Quia officia enim reiciendis explicabo Qui voluptatem ad recusandae Exercitation error numquam ex",
      "number": 374,
      "message": "Quis dolor illo ab e"
    }
  },
  {
    "model": "web.contact",
    "pk": 4,
    "fields": {
      "name": "Ira Chan",
      "email": "dinem@mailinator.com",
      "subject": "Ex dolor officia nisi ex aliqua Expedita aspernatur",
      "number": 109,
      "message": "Dolor sit cumque bl"
    }
  },
  {
    "model": "web.testimonial",
    "pk": 7,
    "fields": {
      "name": "Ashliy",
      "image": "Testimonial/client-2_JWDyDLH.png",
      "description": "Lorem ipsum dolor sit amet, consectet adipisicing elit, sed do eiusmod tempo incididunt ut labore et dolore",
      "position": "clite"
    }
  },
  {
    "model": "web.testimonial",
    "pk": 8,
    "fields": {
      "name": "peramila",
      "image": "Testimonial/client-1_i8zYWxi.png",
      "description": "Lorem ipsum dolor sit amet, consectet adipisicing elit, sed do eiusmod tempo incididunt ut labore et dolore",
      "position": "CEO"
    }
  },
  {
    "model": "web.testimonial",
    "pk": 9,
    "fields": {
      "name": "Gopika",
      "image": "Testimonial/client-2_lP5mr3t.png",
      "description": "Lorem ipsum dolor sit amet, consectet adipisicing elit, sed do eiusmod tempo incididunt ut labore et dolore",
      "position": "Coustmer"
    }
  },
  {
    "model": "web.testimonial",
    "pk": 10,
    "fields": {
      "name": "She",
      "image": "Testimonial/client-2_mES72L3.png",
      "description": "Lorem ipsum dolor sit amet, consectet adipisicing elit, sed do eiusmod tempo incididunt ut labore et dolore",
      "position": "customer"
    }
  },
  {
    "model": "web.dealership",
    "pk": 1,
    "fields": {
      "firm_name": "Lucy Livingston",
      "full_name": "Lillian Delgado",
      "email": "tikytyjora@mailinator.com",
      "mobile": 100,
      "address": "Laboris perferendis dolor et vel non aut aut debitis",
      "pincode": 49,
      "state": "Reprehenderit accusantium voluptatibus voluptatem pariatur Officia ea magni consequatur Cupiditate",
      "city": "Nostrud sed atque tempore recusandae Et in ut consequuntur nisi qui ea eum doloribus quos doloribus in ducimus quis est",
      "business": "In amet nulla vel id",
      "year_of_experience": "1979",
      "brand_handled": "Ipsum nulla nisi accusamus qui blanditiis laboris minim aut molestiae molestiae eum",
      "annual_turnover": "Sit voluptatibus natus praesentium omnis similique eos eius optio sit fuga Eos voluptatum labore repudiandae veniam dolore perspiciatis",
      "interest": "1",
      "why_loqz": "Voluptatem Quidem a"
    }
  },
  {
    "model": "web.dealership",
    "pk": 2,
    "fields": {
      "firm_name": "Lucy Livingston",
      "full_name": "Lillian Delgado",
      "email": "tikytyjora@mailinator.com",
      "mobile": 100,
      "address": "Laboris perferendis dolor et vel non aut aut debitis",
      "pincode": 49,
      "state": "Reprehenderit accusantium voluptatibus voluptatem pariatur Officia ea magni consequatur Cupiditate",
      "city": "Nostrud sed atque tempore recusandae Et in ut consequuntur nisi qui ea eum doloribus quos doloribus in ducimus quis est",
      "business": "In amet nulla vel id",
      "year_of_experience": "1979",
      "brand_handled": "Ipsum nulla nisi accusamus qui blanditiis laboris minim aut molestiae molestiae eum",
      "annual_turnover": "Sit voluptatibus natus praesentium omnis similique eos eius optio sit fuga Eos voluptatum labore repudiandae veniam dolore perspiciatis",
      "interest": "1",
      "why_loqz": "Voluptatem Quidem a"
    }
  }
]
